file,target,date,length
base/web/custom/demo/common_hyperlinks/v01/files/bmc/sites/common/my_hyperlinks.def,/var/www/html/development/sites/demo/bmc/sites/common/my_hyperlinks.def,1555524832,330 Bytes
base/web/custom/demo/common_images/v01/files/bmc/sites/common/my_images.def,/var/www/html/development/sites/demo/bmc/sites/common/my_images.def,1555524832,17 Bytes
base/web/bmc/sites/v01/files/bmc/sites/common/page.def,/var/www/html/development/sites/demo/bmc/sites/common/page.def,1555524832,332 Bytes
base/web/custom/demo/common_pages/v01/files/bmc/sites/common/pages/about.def,/var/www/html/development/sites/demo/bmc/sites/common/pages/about.def,1555524832,452 Bytes
base/web/custom/demo/common_pages/v01/files/bmc/sites/common/pages/agbs.def,/var/www/html/development/sites/demo/bmc/sites/common/pages/agbs.def,1555524832,450 Bytes
base/web/custom/demo/common_pages/v01/files/bmc/sites/common/pages/bugs.def,/var/www/html/development/sites/demo/bmc/sites/common/pages/bugs.def,1555524832,449 Bytes
base/web/custom/demo/common_pages/v01/files/bmc/sites/common/pages/contact.def,/var/www/html/development/sites/demo/bmc/sites/common/pages/contact.def,1555524832,458 Bytes
base/web/custom/demo/common_pages/v01/files/bmc/sites/common/pages/datainfo.def,/var/www/html/development/sites/demo/bmc/sites/common/pages/datainfo.def,1555524832,463 Bytes
base/web/custom/demo/common_pages/v01/files/bmc/sites/common/pages/gdpr.def,/var/www/html/development/sites/demo/bmc/sites/common/pages/gdpr.def,1555524832,465 Bytes
base/web/custom/demo/common_pages/v01/files/bmc/sites/common/pages/gdpr2.def,/var/www/html/development/sites/demo/bmc/sites/common/pages/gdpr2.def,1555524832,465 Bytes
base/web/custom/demo/common_pages/v01/files/bmc/sites/common/pages/impre.def,/var/www/html/development/sites/demo/bmc/sites/common/pages/impre.def,1555524832,459 Bytes
base/web/custom/demo/common_pages/v01/files/bmc/sites/common/pages/listall.def,/var/www/html/development/sites/demo/bmc/sites/common/pages/listall.def,1555524832,454 Bytes
base/web/custom/demo/common_pages/v01/files/bmc/sites/common/pages/odrvo.def,/var/www/html/development/sites/demo/bmc/sites/common/pages/odrvo.def,1555524832,462 Bytes
base/web/custom/demo/common_pages/v01/files/bmc/sites/common/pages/start.def,/var/www/html/development/sites/demo/bmc/sites/common/pages/start.def,1555524832,452 Bytes
base/web/custom/demo/common_pages/v01/files/bmc/sites/common/texts/webinfo.def,/var/www/html/development/sites/demo/bmc/sites/common/texts/webinfo.def,1555524832,86 Bytes
base/web/sites/demo/v01/files/bmc/sites/demo/images/all_inc.def,/var/www/html/development/sites/demo/bmc/sites/demo/images/all_inc.def,1555524832,44 Bytes
base/web/sites/demo/v01/files/bmc/sites/demo/images/maincoll.def,/var/www/html/development/sites/demo/bmc/sites/demo/images/maincoll.def,1555524832,259 Bytes
base/web/sites/demo/v01/files/bmc/sites/demo/main.def,/var/www/html/development/sites/demo/bmc/sites/demo/main.def,1555524832,1140 Bytes
base/web/sites/demo/v01/files/bmc/sites/demo/main/main_js.def,/var/www/html/development/sites/demo/bmc/sites/demo/main/main_js.def,1555524832,1724 Bytes
base/web/sites/demo/v01/files/bmc/sites/demo/main/page_js.def,/var/www/html/development/sites/demo/bmc/sites/demo/main/page_js.def,1555524832,971 Bytes
base/web/sites/demo/v01/files/bmc/sites/demo/pages/foot.def,/var/www/html/development/sites/demo/bmc/sites/demo/pages/foot.def,1555524832,2373 Bytes
base/web/sites/demo/v01/files/bmc/sites/demo/pages/home.def,/var/www/html/development/sites/demo/bmc/sites/demo/pages/home.def,1555524832,449 Bytes
base/web/sites/demo/v01/files/bmc/sites/demo/pages/navbar.def,/var/www/html/development/sites/demo/bmc/sites/demo/pages/navbar.def,1555524832,756 Bytes
base/web/bmc/sites/v01/files/bmc/sites/printers/module.def,/var/www/html/development/sites/demo/bmc/sites/printers/module.def,1555524832,1578 Bytes
base/web/bmc/sites/v01/files/bmc/sites/templates/hyperlink.def,/var/www/html/development/sites/demo/bmc/sites/templates/hyperlink.def,1555524832,885 Bytes
base/web/bmc/sites/v01/files/bmc/sites/templates/image.def,/var/www/html/development/sites/demo/bmc/sites/templates/image.def,1555524832,841 Bytes
base/web/bmc/sites/v01/files/bmc/sites/templates/js_common.def,/var/www/html/development/sites/demo/bmc/sites/templates/js_common.def,1555524832,4710 Bytes
base/web/bmc/sites/v01/files/bmc/sites/templates/page_common.def,/var/www/html/development/sites/demo/bmc/sites/templates/page_common.def,1555524832,1072 Bytes
base/web/bmc/sites/v01/files/bmc/sites/templates/page_template.def,/var/www/html/development/sites/demo/bmc/sites/templates/page_template.def,1555524832,1601 Bytes
base/web/bmc/sites/v01/files/bmc/sites/versions/lang.def,/var/www/html/development/sites/demo/bmc/sites/versions/lang.def,1555524832,132 Bytes
base/web/sites/demo/v01/files/content/de-at/about.txt,/var/www/html/development/sites/demo/content/de-at/about.txt,1555524832,10 Bytes
base/web/sites/demo/v01/files/content/de-at/agbs.txt,/var/www/html/development/sites/demo/content/de-at/agbs.txt,1555524832,9 Bytes
base/web/sites/demo/v01/files/content/de-at/bugs.txt,/var/www/html/development/sites/demo/content/de-at/bugs.txt,1555524832,9 Bytes
base/web/sites/demo/v01/files/content/de-at/contact.txt,/var/www/html/development/sites/demo/content/de-at/contact.txt,1555524832,12 Bytes
base/web/sites/demo/v01/files/content/de-at/datainfo.txt,/var/www/html/development/sites/demo/content/de-at/datainfo.txt,1555524832,14 Bytes
base/web/sites/demo/v01/files/content/de-at/foot.txt,/var/www/html/development/sites/demo/content/de-at/foot.txt,1555524832,616 Bytes
base/web/sites/demo/v01/files/content/de-at/gdpr.txt,/var/www/html/development/sites/demo/content/de-at/gdpr.txt,1555524832,17 Bytes
base/web/sites/demo/v01/files/content/de-at/home.txt,/var/www/html/development/sites/demo/content/de-at/home.txt,1555524832,9 Bytes
base/web/sites/demo/v01/files/content/de-at/impre.txt,/var/www/html/development/sites/demo/content/de-at/impre.txt,1555524832,14 Bytes
base/web/sites/demo/v01/files/content/de-at/listall.txt,/var/www/html/development/sites/demo/content/de-at/listall.txt,1555524832,10 Bytes
base/web/sites/demo/v01/files/content/de-at/navbar.txt,/var/www/html/development/sites/demo/content/de-at/navbar.txt,1555524832,128 Bytes
base/web/sites/demo/v01/files/content/de-at/start.txt,/var/www/html/development/sites/demo/content/de-at/start.txt,1555524832,10 Bytes
base/web/sites/demo/v01/files/content/en-us/about.txt,/var/www/html/development/sites/demo/content/en-us/about.txt,1555524832,10 Bytes
base/web/sites/demo/v01/files/content/en-us/agbs.txt,/var/www/html/development/sites/demo/content/en-us/agbs.txt,1555524832,10 Bytes
base/web/sites/demo/v01/files/content/en-us/bugs.txt,/var/www/html/development/sites/demo/content/en-us/bugs.txt,1555524832,9 Bytes
base/web/sites/demo/v01/files/content/en-us/contact.txt,/var/www/html/development/sites/demo/content/en-us/contact.txt,1555524832,12 Bytes
base/web/sites/demo/v01/files/content/en-us/datainfo.txt,/var/www/html/development/sites/demo/content/en-us/datainfo.txt,1555524832,14 Bytes
base/web/sites/demo/v01/files/content/en-us/foot.txt,/var/www/html/development/sites/demo/content/en-us/foot.txt,1555524832,584 Bytes
base/web/sites/demo/v01/files/content/en-us/gdpr.txt,/var/www/html/development/sites/demo/content/en-us/gdpr.txt,1555524832,17 Bytes
base/web/sites/demo/v01/files/content/en-us/home.txt,/var/www/html/development/sites/demo/content/en-us/home.txt,1555524832,9 Bytes
base/web/sites/demo/v01/files/content/en-us/impre.txt,/var/www/html/development/sites/demo/content/en-us/impre.txt,1555524832,13 Bytes
base/web/sites/demo/v01/files/content/en-us/listall.txt,/var/www/html/development/sites/demo/content/en-us/listall.txt,1555524832,10 Bytes
base/web/sites/demo/v01/files/content/en-us/navbar.txt,/var/www/html/development/sites/demo/content/en-us/navbar.txt,1555524832,125 Bytes
base/web/sites/demo/v01/files/content/en-us/start.txt,/var/www/html/development/sites/demo/content/en-us/start.txt,1555524832,10 Bytes
base/web/sites/demo/v01/files/favicon.ico,/var/www/html/development/sites/demo/favicon.ico,1555524832,2686 Bytes
base/web/bmc/sites/v01/files/images/index.html,/var/www/html/development/sites/demo/images/index.html,1555524832,525 Bytes
base/web/base/elements_base/v01/files/index.php,/var/www/html/development/sites/demo/index.php,1555524832,3286 Bytes
base/web/base/anim_base/v01/files/js/animate/animate.js,/var/www/html/development/sites/demo/js/animate/animate.js,1555524832,829 Bytes
base/web/layouts/elem/main/common/v01/files/js/common/setup/s_main_lynx.php,/var/www/html/development/sites/demo/js/common/setup/s_main_lynx.php,1555524832,11692 Bytes
base/web/base/elements_base/v01/files/js/elements/base.js,/var/www/html/development/sites/demo/js/elements/base.js,1555524832,13344 Bytes
base/web/elem/foot/v01/files/js/elements/foot/foot_lynx.php,/var/www/html/development/sites/demo/js/elements/foot/foot_lynx.php,1555524832,2021 Bytes
base/web/elem/foot/v01/files/js/elements/foot/foot_plain.js,/var/www/html/development/sites/demo/js/elements/foot/foot_plain.js,1555524832,1224 Bytes
base/web/elem/foot/v01/files/js/elements/foot/foot_simple.css,/var/www/html/development/sites/demo/js/elements/foot/foot_simple.css,1555524832,474 Bytes
base/web/elem/foot/v01/files/js/elements/foot/foot_simple.js,/var/www/html/development/sites/demo/js/elements/foot/foot_simple.js,1555524832,1333 Bytes
base/web/elem/foot/v01/files/js/elements/foot/foot_simple10.css,/var/www/html/development/sites/demo/js/elements/foot/foot_simple10.css,1555524832,474 Bytes
base/web/elem/foot/v01/files/js/elements/foot/foot_simple11.css,/var/www/html/development/sites/demo/js/elements/foot/foot_simple11.css,1555524832,474 Bytes
base/web/elem/foot/v01/files/js/elements/foot/foot_simple2.css,/var/www/html/development/sites/demo/js/elements/foot/foot_simple2.css,1555524832,474 Bytes
base/web/elem/foot/v01/files/js/elements/foot/foot_simple3.css,/var/www/html/development/sites/demo/js/elements/foot/foot_simple3.css,1555524832,474 Bytes
base/web/elem/foot/v01/files/js/elements/foot/foot_simple4.css,/var/www/html/development/sites/demo/js/elements/foot/foot_simple4.css,1555524832,474 Bytes
base/web/elem/foot/v01/files/js/elements/foot/foot_simple8.css,/var/www/html/development/sites/demo/js/elements/foot/foot_simple8.css,1555524832,474 Bytes
base/web/elem/foot/v01/files/js/elements/foot/foot_simple9.css,/var/www/html/development/sites/demo/js/elements/foot/foot_simple9.css,1555524832,474 Bytes
base/web/elem/foot/v01/files/js/elements/foot/foot_simple_new.css,/var/www/html/development/sites/demo/js/elements/foot/foot_simple_new.css,1555524832,474 Bytes
base/web/elem/foot/v01/files/js/elements/foot/foot_wrapper.js,/var/www/html/development/sites/demo/js/elements/foot/foot_wrapper.js,1555524832,799 Bytes
base/web/base/elements_base/v01/files/js/elements/loader.js,/var/www/html/development/sites/demo/js/elements/loader.js,1555524832,2852 Bytes
base/web/base/loadstat/v01/files/js/elements/loadstat/loadstat.css,/var/www/html/development/sites/demo/js/elements/loadstat/loadstat.css,1555524832,645 Bytes
base/web/base/loadstat/v01/files/js/elements/loadstat/loadstat.js,/var/www/html/development/sites/demo/js/elements/loadstat/loadstat.js,1555524832,1772 Bytes
base/web/elem/main/v01/files/js/elements/main/bgm0.png,/var/www/html/development/sites/demo/js/elements/main/bgm0.png,1555524832,279 Bytes
base/web/elem/main/v01/files/js/elements/main/bgm1.png,/var/www/html/development/sites/demo/js/elements/main/bgm1.png,1555524832,243 Bytes
base/web/elem/main/v01/files/js/elements/main/bgm2.png,/var/www/html/development/sites/demo/js/elements/main/bgm2.png,1555524832,200 Bytes
base/web/elem/main/v01/files/js/elements/main/main_lynx.php,/var/www/html/development/sites/demo/js/elements/main/main_lynx.php,1555524832,965 Bytes
base/web/elem/main/v01/files/js/elements/main/main_plain.js,/var/www/html/development/sites/demo/js/elements/main/main_plain.js,1555524832,855 Bytes
base/web/elem/main/v01/files/js/elements/main/main_simple.css,/var/www/html/development/sites/demo/js/elements/main/main_simple.css,1555524832,3985 Bytes
base/web/elem/main/v01/files/js/elements/main/main_simple.js,/var/www/html/development/sites/demo/js/elements/main/main_simple.js,1555524832,4859 Bytes
base/web/elem/main/v01/files/js/elements/main/main_simple10.css,/var/www/html/development/sites/demo/js/elements/main/main_simple10.css,1555524832,3747 Bytes
base/web/elem/main/v01/files/js/elements/main/main_simple11.css,/var/www/html/development/sites/demo/js/elements/main/main_simple11.css,1555524832,3747 Bytes
base/web/elem/main/v01/files/js/elements/main/main_simple2.css,/var/www/html/development/sites/demo/js/elements/main/main_simple2.css,1555524832,3985 Bytes
base/web/elem/main/v01/files/js/elements/main/main_simple3.css,/var/www/html/development/sites/demo/js/elements/main/main_simple3.css,1555524832,3985 Bytes
base/web/elem/main/v01/files/js/elements/main/main_simple4.css,/var/www/html/development/sites/demo/js/elements/main/main_simple4.css,1555524832,3985 Bytes
base/web/elem/main/v01/files/js/elements/main/main_simple8.css,/var/www/html/development/sites/demo/js/elements/main/main_simple8.css,1555524832,3985 Bytes
base/web/elem/main/v01/files/js/elements/main/main_simple9.css,/var/www/html/development/sites/demo/js/elements/main/main_simple9.css,1555524832,3885 Bytes
base/web/elem/main/v01/files/js/elements/main/main_wrapper.js,/var/www/html/development/sites/demo/js/elements/main/main_wrapper.js,1555524832,1760 Bytes
base/web/elem/main/v01/files/js/elements/main/modu0.png,/var/www/html/development/sites/demo/js/elements/main/modu0.png,1555524832,28064 Bytes
base/web/elem/navbar/v01/files/js/elements/navbar/navbar_lynx.php,/var/www/html/development/sites/demo/js/elements/navbar/navbar_lynx.php,1555524832,283 Bytes
base/web/elem/navbar/v01/files/js/elements/navbar/navbar_wrapper.js,/var/www/html/development/sites/demo/js/elements/navbar/navbar_wrapper.js,1555524832,817 Bytes
base/web/elem/navbar/v01/files/js/elements/navbar/plain_navbar.js,/var/www/html/development/sites/demo/js/elements/navbar/plain_navbar.js,1555524832,746 Bytes
base/web/elem/navbar/v01/files/js/elements/navbar/simple_navbar.css,/var/www/html/development/sites/demo/js/elements/navbar/simple_navbar.css,1555524832,1023 Bytes
base/web/elem/navbar/v01/files/js/elements/navbar/simple_navbar.js,/var/www/html/development/sites/demo/js/elements/navbar/simple_navbar.js,1555524832,3097 Bytes
base/web/elem/navbar/v01/files/js/elements/navbar/simple_navbar10.css,/var/www/html/development/sites/demo/js/elements/navbar/simple_navbar10.css,1555524832,1064 Bytes
base/web/elem/navbar/v01/files/js/elements/navbar/simple_navbar11.css,/var/www/html/development/sites/demo/js/elements/navbar/simple_navbar11.css,1555524832,1097 Bytes
base/web/elem/navbar/v01/files/js/elements/navbar/simple_navbar2.css,/var/www/html/development/sites/demo/js/elements/navbar/simple_navbar2.css,1555524832,1045 Bytes
base/web/elem/navbar/v01/files/js/elements/navbar/simple_navbar3.css,/var/www/html/development/sites/demo/js/elements/navbar/simple_navbar3.css,1555524832,1045 Bytes
base/web/elem/navbar/v01/files/js/elements/navbar/simple_navbar4.css,/var/www/html/development/sites/demo/js/elements/navbar/simple_navbar4.css,1555524832,1023 Bytes
base/web/elem/navbar/v01/files/js/elements/navbar/simple_navbar8.css,/var/www/html/development/sites/demo/js/elements/navbar/simple_navbar8.css,1555524832,1062 Bytes
base/web/elem/navbar/v01/files/js/elements/navbar/simple_navbar9.css,/var/www/html/development/sites/demo/js/elements/navbar/simple_navbar9.css,1555524832,1227 Bytes
base/web/elem/navbar/v01/files/js/elements/navbar/simple_navbar_new.css,/var/www/html/development/sites/demo/js/elements/navbar/simple_navbar_new.css,1555524832,1045 Bytes
base/web/base/sysmod_box/v01/files/js/elements/sysmod_box/sysmod_box.css,/var/www/html/development/sites/demo/js/elements/sysmod_box/sysmod_box.css,1555524832,875 Bytes
base/web/base/sysmod_box/v01/files/js/elements/sysmod_box/sysmod_box.js,/var/www/html/development/sites/demo/js/elements/sysmod_box/sysmod_box.js,1555524832,4623 Bytes
base/web/base/http_base/v01/files/js/http/common.js,/var/www/html/development/sites/demo/js/http/common.js,1555524832,9099 Bytes
base/web/base/http_base/v01/files/js/http/storage.js,/var/www/html/development/sites/demo/js/http/storage.js,1555524832,3339 Bytes
base/web/base/mods_base/v01/files/js/mods/dataevent.js,/var/www/html/development/sites/demo/js/mods/dataevent.js,1555524832,2442 Bytes
base/web/base/mods_base/v01/files/js/mods/handler.js,/var/www/html/development/sites/demo/js/mods/handler.js,1555524832,25463 Bytes
base/web/base/mods_base/v01/files/js/mods/load.js,/var/www/html/development/sites/demo/js/mods/load.js,1555524832,7001 Bytes
base/web/base/mods_base/v01/files/js/mods/main.js,/var/www/html/development/sites/demo/js/mods/main.js,1555524832,24031 Bytes
base/web/base/mods_base/v01/files/js/mods/run.js,/var/www/html/development/sites/demo/js/mods/run.js,1555524832,12452 Bytes
base/web/jstools/reader/v01/files/js/parser/reader.js,/var/www/html/development/sites/demo/js/parser/reader.js,1555524832,2920 Bytes
base/web/layouts/elem/main/compact/v01/files/layouts/elem/main/compact/setup.js,/var/www/html/development/sites/demo/layouts/elem/main/compact/setup.js,1555524832,4993 Bytes
base/web/layouts/elem/main/compact/v01/files/layouts/elem/main/compact/textmode.php,/var/www/html/development/sites/demo/layouts/elem/main/compact/textmode.php,1555524832,11067 Bytes
base/web/layouts/elem/main/common/v01/files/layouts/elem/main/setup.js,/var/www/html/development/sites/demo/layouts/elem/main/setup.js,1555524832,32987 Bytes
base/web/layouts/elem/main/common/v01/files/layouts/elem/main/textmode.php,/var/www/html/development/sites/demo/layouts/elem/main/textmode.php,1555524832,11067 Bytes
base/web/layouts/elem/main/common/v01/files/layouts/elem/main/webforms.js,/var/www/html/development/sites/demo/layouts/elem/main/webforms.js,1555524832,16506 Bytes
base/web/layouts/common/v01/files/layouts/elem/setup.js,/var/www/html/development/sites/demo/layouts/elem/setup.js,1555524832,1811 Bytes
base/web/layouts/common/v01/files/layouts/elem/textmode.php,/var/www/html/development/sites/demo/layouts/elem/textmode.php,1555524832,11067 Bytes
base/web/layouts/page/minisite/v01/files/layouts/page/minisite.js,/var/www/html/development/sites/demo/layouts/page/minisite.js,1555524832,3711 Bytes
base/web/sites/demo/v01/files/main.css,/var/www/html/development/sites/demo/main.css,1555524832,4232 Bytes
base/web/sites/demo/v01/files/main.js,/var/www/html/development/sites/demo/main.js,1555524832,2860 Bytes
base/web/sites/demo/v01/files/page.js,/var/www/html/development/sites/demo/page.js,1555524832,903 Bytes
base/web/sites/demo/v01/files/text/action.php,/var/www/html/development/sites/demo/text/action.php,1555524832,294 Bytes
base/web/sites/demo/v01/files/text/content.php,/var/www/html/development/sites/demo/text/content.php,1555524832,208 Bytes
base/web/sites/demo/v01/files/text/content/de-at/about.txt,/var/www/html/development/sites/demo/text/content/de-at/about.txt,1555524832,10 Bytes
base/web/sites/demo/v01/files/text/content/de-at/agbs.txt,/var/www/html/development/sites/demo/text/content/de-at/agbs.txt,1555524832,9 Bytes
base/web/sites/demo/v01/files/text/content/de-at/bugs.txt,/var/www/html/development/sites/demo/text/content/de-at/bugs.txt,1555524832,9 Bytes
base/web/sites/demo/v01/files/text/content/de-at/contact.txt,/var/www/html/development/sites/demo/text/content/de-at/contact.txt,1555524832,12 Bytes
base/web/sites/demo/v01/files/text/content/de-at/datainfo.txt,/var/www/html/development/sites/demo/text/content/de-at/datainfo.txt,1555524832,14 Bytes
base/web/sites/demo/v01/files/text/content/de-at/foot.txt,/var/www/html/development/sites/demo/text/content/de-at/foot.txt,1555524832,616 Bytes
base/web/sites/demo/v01/files/text/content/de-at/gdpr.txt,/var/www/html/development/sites/demo/text/content/de-at/gdpr.txt,1555524832,17 Bytes
base/web/sites/demo/v01/files/text/content/de-at/home.txt,/var/www/html/development/sites/demo/text/content/de-at/home.txt,1555524832,9 Bytes
base/web/sites/demo/v01/files/text/content/de-at/impre.txt,/var/www/html/development/sites/demo/text/content/de-at/impre.txt,1555524832,14 Bytes
base/web/sites/demo/v01/files/text/content/de-at/listall.txt,/var/www/html/development/sites/demo/text/content/de-at/listall.txt,1555524832,10 Bytes
base/web/sites/demo/v01/files/text/content/de-at/navbar.txt,/var/www/html/development/sites/demo/text/content/de-at/navbar.txt,1555524832,128 Bytes
base/web/sites/demo/v01/files/text/content/de-at/start.txt,/var/www/html/development/sites/demo/text/content/de-at/start.txt,1555524832,10 Bytes
base/web/sites/demo/v01/files/text/content/en-us/about.txt,/var/www/html/development/sites/demo/text/content/en-us/about.txt,1555524832,10 Bytes
base/web/sites/demo/v01/files/text/content/en-us/agbs.txt,/var/www/html/development/sites/demo/text/content/en-us/agbs.txt,1555524832,10 Bytes
base/web/sites/demo/v01/files/text/content/en-us/bugs.txt,/var/www/html/development/sites/demo/text/content/en-us/bugs.txt,1555524832,9 Bytes
base/web/sites/demo/v01/files/text/content/en-us/contact.txt,/var/www/html/development/sites/demo/text/content/en-us/contact.txt,1555524832,12 Bytes
base/web/sites/demo/v01/files/text/content/en-us/datainfo.txt,/var/www/html/development/sites/demo/text/content/en-us/datainfo.txt,1555524832,14 Bytes
base/web/sites/demo/v01/files/text/content/en-us/foot.txt,/var/www/html/development/sites/demo/text/content/en-us/foot.txt,1555524832,584 Bytes
base/web/sites/demo/v01/files/text/content/en-us/gdpr.txt,/var/www/html/development/sites/demo/text/content/en-us/gdpr.txt,1555524832,17 Bytes
base/web/sites/demo/v01/files/text/content/en-us/home.txt,/var/www/html/development/sites/demo/text/content/en-us/home.txt,1555524832,9 Bytes
base/web/sites/demo/v01/files/text/content/en-us/impre.txt,/var/www/html/development/sites/demo/text/content/en-us/impre.txt,1555524832,13 Bytes
base/web/sites/demo/v01/files/text/content/en-us/listall.txt,/var/www/html/development/sites/demo/text/content/en-us/listall.txt,1555524832,10 Bytes
base/web/sites/demo/v01/files/text/content/en-us/navbar.txt,/var/www/html/development/sites/demo/text/content/en-us/navbar.txt,1555524832,125 Bytes
base/web/sites/demo/v01/files/text/content/en-us/start.txt,/var/www/html/development/sites/demo/text/content/en-us/start.txt,1555524832,10 Bytes
base/web/base/elements_base/v01/files/text/index.php,/var/www/html/development/sites/demo/text/index.php,1555524832,15259 Bytes
base/web/sites/demo/v01/files/text/keywords.php,/var/www/html/development/sites/demo/text/keywords.php,1555524832,249 Bytes
base/web/base/elements_base/v01/files/text/start_content.php,/var/www/html/development/sites/demo/text/start_content.php,1555524832,1554 Bytes
base/web/sites/demo/v01/files/text/start_keywords.php,/var/www/html/development/sites/demo/text/start_keywords.php,1555524832,249 Bytes
